<?xml version='1.1' encoding='UTF-8' standalone='yes'?>
<bamboo>
 <date>Thu Aug 20 05:38:18 UTC 2020</date>
 <version>7.1.1</version>
 <buildDate>23-Jul-2020</buildDate>
 <build>70117</build>
 <serverID>BM8W-S98H-DZCC-FLK7</serverID>
 <acls>
  <acl>
   <objectIdentity>999999</objectIdentity>
   <objectType>com.atlassian.bamboo.security.GlobalApplicationSecureObject</objectType>
   <owner>bamboo-admin</owner>
   <ownerType>GROUP_PRINCIPAL</ownerType>
   <aces>
    <ace>
     <mask>16</mask>
     <sid>bamboo-admin</sid>
     <type>GROUP_PRINCIPAL</type>
    </ace>
    <ace>
     <mask>4</mask>
     <sid>bamboo-admin</sid>
     <type>GROUP_PRINCIPAL</type>
    </ace>
    <ace>
     <mask>1024</mask>
     <sid>bamboo-admin</sid>
     <type>GROUP_PRINCIPAL</type>
    </ace>
    <ace>
     <mask>1</mask>
     <sid>bamboo-admin</sid>
     <type>GROUP_PRINCIPAL</type>
    </ace>
    <ace>
     <mask>1</mask>
     <sid>ROLE_USER</sid>
     <type>GRANTED_AUTHORITY</type>
    </ace>
    <ace>
     <mask>1</mask>
     <sid>ROLE_ANONYMOUS</sid>
     <type>GRANTED_AUTHORITY</type>
    </ace>
   </aces>
  </acl>
  <acl>
   <objectIdentity>557057</objectIdentity>
   <objectType>com.atlassian.bamboo.repository.RepositoryDataEntityImpl</objectType>
   <owner>misha</owner>
   <ownerType>PRINCIPAL</ownerType>
   <aces>
    <ace>
     <mask>1</mask>
     <sid>misha</sid>
     <type>PRINCIPAL</type>
    </ace>
    <ace>
     <mask>16</mask>
     <sid>misha</sid>
     <type>PRINCIPAL</type>
    </ace>
    <ace>
     <mask>1</mask>
     <sid>ROLE_USER</sid>
     <type>GRANTED_AUTHORITY</type>
    </ace>
   </aces>
  </acl>
  <acl>
   <objectIdentity>589825</objectIdentity>
   <objectType>com.atlassian.bamboo.project.DefaultProject</objectType>
   <owner>misha</owner>
   <ownerType>PRINCIPAL</ownerType>
   <aces>
    <ace>
     <mask>1</mask>
     <sid>misha</sid>
     <type>PRINCIPAL</type>
    </ace>
    <ace>
     <mask>4</mask>
     <sid>misha</sid>
     <type>PRINCIPAL</type>
    </ace>
    <ace>
     <mask>16</mask>
     <sid>misha</sid>
     <type>PRINCIPAL</type>
    </ace>
   </aces>
  </acl>
  <acl>
   <objectIdentity>589825</objectIdentity>
   <objectType>com.atlassian.bamboo.project.ProjectPlanPermissions</objectType>
   <owner>misha</owner>
   <ownerType>PRINCIPAL</ownerType>
  </acl>
  <acl>
   <objectIdentity>622593</objectIdentity>
   <objectType>com.atlassian.bamboo.chains.DefaultChain</objectType>
   <owner>misha</owner>
   <ownerType>PRINCIPAL</ownerType>
   <aces>
    <ace>
     <mask>2</mask>
     <sid>misha</sid>
     <type>PRINCIPAL</type>
    </ace>
    <ace>
     <mask>1</mask>
     <sid>misha</sid>
     <type>PRINCIPAL</type>
    </ace>
    <ace>
     <mask>16</mask>
     <sid>misha</sid>
     <type>PRINCIPAL</type>
    </ace>
    <ace>
     <mask>128</mask>
     <sid>misha</sid>
     <type>PRINCIPAL</type>
    </ace>
    <ace>
     <mask>64</mask>
     <sid>misha</sid>
     <type>PRINCIPAL</type>
    </ace>
   </aces>
  </acl>
  <acl>
   <objectIdentity>557059</objectIdentity>
   <objectType>com.atlassian.bamboo.repository.RepositoryDataEntityImpl</objectType>
   <owner>misha</owner>
   <ownerType>PRINCIPAL</ownerType>
   <aces>
    <ace>
     <mask>1</mask>
     <sid>misha</sid>
     <type>PRINCIPAL</type>
    </ace>
    <ace>
     <mask>16</mask>
     <sid>misha</sid>
     <type>PRINCIPAL</type>
    </ace>
    <ace>
     <mask>1</mask>
     <sid>ROLE_USER</sid>
     <type>GRANTED_AUTHORITY</type>
    </ace>
   </aces>
  </acl>
  <acl>
   <objectIdentity>622596</objectIdentity>
   <objectType>com.atlassian.bamboo.chains.DefaultChain</objectType>
   <owner>misha</owner>
   <ownerType>PRINCIPAL</ownerType>
   <aces>
    <ace>
     <mask>2</mask>
     <sid>misha</sid>
     <type>PRINCIPAL</type>
    </ace>
    <ace>
     <mask>1</mask>
     <sid>misha</sid>
     <type>PRINCIPAL</type>
    </ace>
    <ace>
     <mask>16</mask>
     <sid>misha</sid>
     <type>PRINCIPAL</type>
    </ace>
    <ace>
     <mask>128</mask>
     <sid>misha</sid>
     <type>PRINCIPAL</type>
    </ace>
    <ace>
     <mask>64</mask>
     <sid>misha</sid>
     <type>PRINCIPAL</type>
    </ace>
   </aces>
  </acl>
 </acls>
</bamboo>