<?xml version='1.0' encoding='UTF-8'?>
<backup xmlns="http://www.atlassian.com/ao" xmlns:xsi="http://www.w3.org/2001/XMLSchema-instance">
  <database>
    <meta key="database.name" value="H2"/>
    <meta key="database.version" value="1.4.199 (2019-03-13)"/>
    <meta key="database.minorVersion" value="4"/>
    <meta key="database.majorVersion" value="1"/>
    <meta key="driver.name" value="H2 JDBC Driver"/>
    <meta key="driver.version" value="1.4.199 (2019-03-13)"/>
  </database>
  <table name="AO_38321B_CUSTOM_CONTENT_LINK">
    <column name="CONTENT_KEY" primaryKey="false" autoIncrement="false" sqlType="12" precision="255"/>
    <column name="ID" primaryKey="true" autoIncrement="true" sqlType="4" precision="10"/>
    <column name="LINK_LABEL" primaryKey="false" autoIncrement="false" sqlType="12" precision="255"/>
    <column name="LINK_URL" primaryKey="false" autoIncrement="false" sqlType="12" precision="255"/>
    <column name="SEQUENCE" primaryKey="false" autoIncrement="false" sqlType="4" precision="10"/>
  </table>
  <table name="AO_4789DD_HEALTH_CHECK_STATUS">
    <column name="APPLICATION_NAME" primaryKey="false" autoIncrement="false" sqlType="12" precision="255"/>
    <column name="COMPLETE_KEY" primaryKey="false" autoIncrement="false" sqlType="12" precision="255"/>
    <column name="DESCRIPTION" primaryKey="false" autoIncrement="false" sqlType="2005" precision="2147483647"/>
    <column name="FAILED_DATE" primaryKey="false" autoIncrement="false" sqlType="93" precision="26" scale="6"/>
    <column name="FAILURE_REASON" primaryKey="false" autoIncrement="false" sqlType="2005" precision="2147483647"/>
    <column name="ID" primaryKey="true" autoIncrement="true" sqlType="4" precision="10"/>
    <column name="IS_HEALTHY" primaryKey="false" autoIncrement="false" sqlType="16" precision="1"/>
    <column name="IS_RESOLVED" primaryKey="false" autoIncrement="false" sqlType="16" precision="1"/>
    <column name="RESOLVED_DATE" primaryKey="false" autoIncrement="false" sqlType="93" precision="26" scale="6"/>
    <column name="SEVERITY" primaryKey="false" autoIncrement="false" sqlType="12" precision="255"/>
    <column name="STATUS_NAME" primaryKey="false" autoIncrement="false" sqlType="12" precision="255"/>
  </table>
  <table name="AO_4789DD_PROPERTIES">
    <column name="ID" primaryKey="true" autoIncrement="true" sqlType="4" precision="10"/>
    <column name="PROPERTY_NAME" primaryKey="false" autoIncrement="false" sqlType="12" precision="255"/>
    <column name="PROPERTY_VALUE" primaryKey="false" autoIncrement="false" sqlType="12" precision="255"/>
  </table>
  <table name="AO_4789DD_READ_NOTIFICATIONS">
    <column name="ID" primaryKey="true" autoIncrement="true" sqlType="4" precision="10"/>
    <column name="IS_SNOOZED" primaryKey="false" autoIncrement="false" sqlType="16" precision="1"/>
    <column name="NOTIFICATION_ID" primaryKey="false" autoIncrement="false" sqlType="4" precision="10"/>
    <column name="SNOOZE_COUNT" primaryKey="false" autoIncrement="false" sqlType="4" precision="10"/>
    <column name="SNOOZE_DATE" primaryKey="false" autoIncrement="false" sqlType="93" precision="26" scale="6"/>
    <column name="USER_KEY" primaryKey="false" autoIncrement="false" sqlType="12" precision="255"/>
  </table>
  <table name="AO_4789DD_TASK_MONITOR">
    <column name="CLUSTERED_TASK_ID" primaryKey="false" autoIncrement="false" sqlType="12" precision="255"/>
    <column name="CREATED_TIMESTAMP" primaryKey="false" autoIncrement="false" sqlType="-5" precision="19"/>
    <column name="ID" primaryKey="true" autoIncrement="true" sqlType="4" precision="10"/>
    <column name="NODE_ID" primaryKey="false" autoIncrement="false" sqlType="12" precision="255"/>
    <column name="PROGRESS_MESSAGE" primaryKey="false" autoIncrement="false" sqlType="2005" precision="2147483647"/>
    <column name="PROGRESS_PERCENTAGE" primaryKey="false" autoIncrement="false" sqlType="4" precision="10"/>
    <column name="SERIALIZED_ERRORS" primaryKey="false" autoIncrement="false" sqlType="2005" precision="2147483647"/>
    <column name="SERIALIZED_WARNINGS" primaryKey="false" autoIncrement="false" sqlType="2005" precision="2147483647"/>
    <column name="TASK_ID" primaryKey="false" autoIncrement="false" sqlType="12" precision="255"/>
    <column name="TASK_MONITOR_KIND" primaryKey="false" autoIncrement="false" sqlType="12" precision="255"/>
    <column name="TASK_STATUS" primaryKey="false" autoIncrement="false" sqlType="2005" precision="2147483647"/>
  </table>
  <table name="AO_7A45FB_AOTRACKING_ENTRY">
    <column name="ACTIVE" primaryKey="false" autoIncrement="false" sqlType="16" precision="1"/>
    <column name="PLAN_ID" primaryKey="false" autoIncrement="false" sqlType="-5" precision="19"/>
    <column name="TRACKING_ID" primaryKey="true" autoIncrement="true" sqlType="4" precision="10"/>
  </table>
  <table name="AO_7A45FB_AOTRACKING_RESULT">
    <column name="BUILD_NUMBER" primaryKey="false" autoIncrement="false" sqlType="4" precision="10"/>
    <column name="LINKED_TRACKING_ENTRY_ID" primaryKey="false" autoIncrement="false" sqlType="4" precision="10"/>
    <column name="RESULT_ID" primaryKey="true" autoIncrement="true" sqlType="4" precision="10"/>
    <column name="RESULT_SUMMARY_ID" primaryKey="false" autoIncrement="false" sqlType="-5" precision="19"/>
    <foreignKey fromTable="AO_7A45FB_AOTRACKING_RESULT" fromColumn="LINKED_TRACKING_ENTRY_ID" toTable="AO_7A45FB_AOTRACKING_ENTRY" toColumn="TRACKING_ID"/>
  </table>
  <table name="AO_7A45FB_AOTRACKING_USER">
    <column name="LINKED_TRACKING_ENTRY_ID" primaryKey="false" autoIncrement="false" sqlType="4" precision="10"/>
    <column name="USERNAME" primaryKey="false" autoIncrement="false" sqlType="12" precision="255"/>
    <column name="USER_ID" primaryKey="true" autoIncrement="true" sqlType="4" precision="10"/>
    <column name="USER_WHO_UPDATED" primaryKey="false" autoIncrement="false" sqlType="12" precision="255"/>
    <foreignKey fromTable="AO_7A45FB_AOTRACKING_USER" fromColumn="LINKED_TRACKING_ENTRY_ID" toTable="AO_7A45FB_AOTRACKING_ENTRY" toColumn="TRACKING_ID"/>
  </table>
  <table name="AO_A0B856_WEBHOOK">
    <column name="ACTIVE" primaryKey="false" autoIncrement="false" sqlType="16" precision="1"/>
    <column name="CREATED" primaryKey="false" autoIncrement="false" sqlType="93" precision="26" scale="6"/>
    <column name="ID" primaryKey="true" autoIncrement="true" sqlType="4" precision="10"/>
    <column name="NAME" primaryKey="false" autoIncrement="false" sqlType="12" precision="255"/>
    <column name="SCOPE_ID" primaryKey="false" autoIncrement="false" sqlType="12" precision="255"/>
    <column name="SCOPE_TYPE" primaryKey="false" autoIncrement="false" sqlType="12" precision="255"/>
    <column name="UPDATED" primaryKey="false" autoIncrement="false" sqlType="93" precision="26" scale="6"/>
    <column name="URL" primaryKey="false" autoIncrement="false" sqlType="2005" precision="2147483647"/>
  </table>
  <table name="AO_A0B856_WEBHOOK_CONFIG">
    <column name="ID" primaryKey="true" autoIncrement="true" sqlType="4" precision="10"/>
    <column name="KEY" primaryKey="false" autoIncrement="false" sqlType="12" precision="255"/>
    <column name="VALUE" primaryKey="false" autoIncrement="false" sqlType="12" precision="255"/>
    <column name="WEBHOOKID" primaryKey="false" autoIncrement="false" sqlType="4" precision="10"/>
    <foreignKey fromTable="AO_A0B856_WEBHOOK_CONFIG" fromColumn="WEBHOOKID" toTable="AO_A0B856_WEBHOOK" toColumn="ID"/>
  </table>
  <table name="AO_A0B856_WEBHOOK_EVENT">
    <column name="EVENT_ID" primaryKey="false" autoIncrement="false" sqlType="12" precision="255"/>
    <column name="ID" primaryKey="true" autoIncrement="true" sqlType="4" precision="10"/>
    <column name="WEBHOOKID" primaryKey="false" autoIncrement="false" sqlType="4" precision="10"/>
    <foreignKey fromTable="AO_A0B856_WEBHOOK_EVENT" fromColumn="WEBHOOKID" toTable="AO_A0B856_WEBHOOK" toColumn="ID"/>
  </table>
  <table name="AO_A0B856_WEB_HOOK_LISTENER_AO">
    <column name="DESCRIPTION" primaryKey="false" autoIncrement="false" sqlType="2005" precision="2147483647"/>
    <column name="ENABLED" primaryKey="false" autoIncrement="false" sqlType="16" precision="1"/>
    <column name="EVENTS" primaryKey="false" autoIncrement="false" sqlType="2005" precision="2147483647"/>
    <column name="EXCLUDE_BODY" primaryKey="false" autoIncrement="false" sqlType="16" precision="1"/>
    <column name="FILTERS" primaryKey="false" autoIncrement="false" sqlType="2005" precision="2147483647"/>
    <column name="ID" primaryKey="true" autoIncrement="true" sqlType="4" precision="10"/>
    <column name="LAST_UPDATED" primaryKey="false" autoIncrement="false" sqlType="93" precision="26" scale="6"/>
    <column name="LAST_UPDATED_USER" primaryKey="false" autoIncrement="false" sqlType="12" precision="255"/>
    <column name="NAME" primaryKey="false" autoIncrement="false" sqlType="2005" precision="2147483647"/>
    <column name="PARAMETERS" primaryKey="false" autoIncrement="false" sqlType="2005" precision="2147483647"/>
    <column name="REGISTRATION_METHOD" primaryKey="false" autoIncrement="false" sqlType="12" precision="255"/>
    <column name="URL" primaryKey="false" autoIncrement="false" sqlType="2005" precision="2147483647"/>
  </table>
  <table name="AO_C7F71E_OAUTH_SVC_PROV_TKNS">
    <column name="CONSUMER_KEY" primaryKey="false" autoIncrement="false" sqlType="12" precision="255"/>
    <column name="EXPIRY_TIME" primaryKey="false" autoIncrement="false" sqlType="-5" precision="19"/>
    <column name="TOKEN" primaryKey="true" autoIncrement="false" sqlType="12" precision="255"/>
    <column name="USER_NAME" primaryKey="false" autoIncrement="false" sqlType="12" precision="255"/>
    <column name="VALUE" primaryKey="false" autoIncrement="false" sqlType="2005" precision="2147483647"/>
  </table>
  <table name="AO_F1B80E_BRANCH_SELECTION">
    <column name="ID" primaryKey="true" autoIncrement="true" sqlType="4" precision="10"/>
    <column name="LAST_SELECTED_BRANCHES" primaryKey="false" autoIncrement="false" sqlType="2005" precision="2147483647"/>
    <column name="SELECTED_BRANCH_NAME" primaryKey="false" autoIncrement="false" sqlType="12" precision="255"/>
    <column name="SELECTED_REPO_ID" primaryKey="false" autoIncrement="false" sqlType="-5" precision="19"/>
    <column name="USER" primaryKey="false" autoIncrement="false" sqlType="12" precision="255"/>
  </table>
  <data tableName="AO_38321B_CUSTOM_CONTENT_LINK">
    <column name="CONTENT_KEY"/>
    <column name="ID"/>
    <column name="LINK_LABEL"/>
    <column name="LINK_URL"/>
    <column name="SEQUENCE"/>
  </data>
  <data tableName="AO_4789DD_HEALTH_CHECK_STATUS">
    <column name="APPLICATION_NAME"/>
    <column name="COMPLETE_KEY"/>
    <column name="DESCRIPTION"/>
    <column name="FAILED_DATE"/>
    <column name="FAILURE_REASON"/>
    <column name="ID"/>
    <column name="IS_HEALTHY"/>
    <column name="IS_RESOLVED"/>
    <column name="RESOLVED_DATE"/>
    <column name="SEVERITY"/>
    <column name="STATUS_NAME"/>
    <row>
      <string>Bamboo</string>
      <string>com.atlassian.troubleshooting.plugin-bamboo:hsqlHealthCheck</string>
      <string>Checks if the instance is connected to an embedded database</string>
      <timestamp>2020-08-19T20:52:36.325Z</timestamp>
      <string>You're using Bamboo with H2 database for evaluation. This database type is not supported on production environments.</string>
      <integer>1</integer>
      <boolean>false</boolean>
      <boolean>false</boolean>
      <timestamp xsi:nil="true"/>
      <string>WARNING</string>
      <string>Embedded database</string>
    </row>
  </data>
  <data tableName="AO_4789DD_PROPERTIES">
    <column name="ID"/>
    <column name="PROPERTY_NAME"/>
    <column name="PROPERTY_VALUE"/>
    <row>
      <integer>1</integer>
      <string>last-run</string>
      <string>1597930814858</string>
    </row>
  </data>
  <data tableName="AO_4789DD_READ_NOTIFICATIONS">
    <column name="ID"/>
    <column name="IS_SNOOZED"/>
    <column name="NOTIFICATION_ID"/>
    <column name="SNOOZE_COUNT"/>
    <column name="SNOOZE_DATE"/>
    <column name="USER_KEY"/>
    <row>
      <integer>1</integer>
      <boolean>true</boolean>
      <integer>1</integer>
      <integer>1</integer>
      <timestamp>2020-08-19T20:53:04.817Z</timestamp>
      <string>misha</string>
    </row>
  </data>
  <data tableName="AO_4789DD_TASK_MONITOR">
    <column name="CLUSTERED_TASK_ID"/>
    <column name="CREATED_TIMESTAMP"/>
    <column name="ID"/>
    <column name="NODE_ID"/>
    <column name="PROGRESS_MESSAGE"/>
    <column name="PROGRESS_PERCENTAGE"/>
    <column name="SERIALIZED_ERRORS"/>
    <column name="SERIALIZED_WARNINGS"/>
    <column name="TASK_ID"/>
    <column name="TASK_MONITOR_KIND"/>
    <column name="TASK_STATUS"/>
  </data>
  <data tableName="AO_7A45FB_AOTRACKING_ENTRY">
    <column name="ACTIVE"/>
    <column name="PLAN_ID"/>
    <column name="TRACKING_ID"/>
    <row>
      <boolean>false</boolean>
      <integer>622593</integer>
      <integer>1</integer>
    </row>
    <row>
      <boolean>true</boolean>
      <integer>622593</integer>
      <integer>2</integer>
    </row>
  </data>
  <data tableName="AO_7A45FB_AOTRACKING_RESULT">
    <column name="BUILD_NUMBER"/>
    <column name="LINKED_TRACKING_ENTRY_ID"/>
    <column name="RESULT_ID"/>
    <column name="RESULT_SUMMARY_ID"/>
    <row>
      <integer>2</integer>
      <integer>1</integer>
      <integer>1</integer>
      <integer>1114113</integer>
    </row>
    <row>
      <integer>3</integer>
      <integer>1</integer>
      <integer>2</integer>
      <integer>1114116</integer>
    </row>
    <row>
      <integer>4</integer>
      <integer>1</integer>
      <integer>3</integer>
      <integer>1114118</integer>
    </row>
    <row>
      <integer>5</integer>
      <integer>1</integer>
      <integer>4</integer>
      <integer>1114120</integer>
    </row>
    <row>
      <integer>6</integer>
      <integer>1</integer>
      <integer>5</integer>
      <integer>1114122</integer>
    </row>
    <row>
      <integer>7</integer>
      <integer>1</integer>
      <integer>6</integer>
      <integer>1114124</integer>
    </row>
    <row>
      <integer>8</integer>
      <integer>1</integer>
      <integer>7</integer>
      <integer>1114126</integer>
    </row>
    <row>
      <integer>9</integer>
      <integer>1</integer>
      <integer>8</integer>
      <integer>1114128</integer>
    </row>
    <row>
      <integer>10</integer>
      <integer>1</integer>
      <integer>9</integer>
      <integer>1114130</integer>
    </row>
    <row>
      <integer>11</integer>
      <integer>1</integer>
      <integer>10</integer>
      <integer>1114132</integer>
    </row>
    <row>
      <integer>16</integer>
      <integer>2</integer>
      <integer>11</integer>
      <integer>1540102</integer>
    </row>
    <row>
      <integer>17</integer>
      <integer>2</integer>
      <integer>12</integer>
      <integer>1540105</integer>
    </row>
  </data>
  <data tableName="AO_7A45FB_AOTRACKING_USER">
    <column name="LINKED_TRACKING_ENTRY_ID"/>
    <column name="USERNAME"/>
    <column name="USER_ID"/>
    <column name="USER_WHO_UPDATED"/>
  </data>
  <data tableName="AO_A0B856_WEBHOOK">
    <column name="ACTIVE"/>
    <column name="CREATED"/>
    <column name="ID"/>
    <column name="NAME"/>
    <column name="SCOPE_ID"/>
    <column name="SCOPE_TYPE"/>
    <column name="UPDATED"/>
    <column name="URL"/>
  </data>
  <data tableName="AO_A0B856_WEBHOOK_CONFIG">
    <column name="ID"/>
    <column name="KEY"/>
    <column name="VALUE"/>
    <column name="WEBHOOKID"/>
  </data>
  <data tableName="AO_A0B856_WEBHOOK_EVENT">
    <column name="EVENT_ID"/>
    <column name="ID"/>
    <column name="WEBHOOKID"/>
  </data>
  <data tableName="AO_A0B856_WEB_HOOK_LISTENER_AO">
    <column name="DESCRIPTION"/>
    <column name="ENABLED"/>
    <column name="EVENTS"/>
    <column name="EXCLUDE_BODY"/>
    <column name="FILTERS"/>
    <column name="ID"/>
    <column name="LAST_UPDATED"/>
    <column name="LAST_UPDATED_USER"/>
    <column name="NAME"/>
    <column name="PARAMETERS"/>
    <column name="REGISTRATION_METHOD"/>
    <column name="URL"/>
  </data>
  <data tableName="AO_C7F71E_OAUTH_SVC_PROV_TKNS">
    <column name="CONSUMER_KEY"/>
    <column name="EXPIRY_TIME"/>
    <column name="TOKEN"/>
    <column name="USER_NAME"/>
    <column name="VALUE"/>
  </data>
  <data tableName="AO_F1B80E_BRANCH_SELECTION">
    <column name="ID"/>
    <column name="LAST_SELECTED_BRANCHES"/>
    <column name="SELECTED_BRANCH_NAME"/>
    <column name="SELECTED_REPO_ID"/>
    <column name="USER"/>
  </data>
</backup>