<?xml version='1.1' encoding='UTF-8' standalone='yes'?>
<bamboo>
 <date>Thu Aug 20 05:38:18 UTC 2020</date>
 <version>7.1.1</version>
 <buildDate>23-Jul-2020</buildDate>
 <build>70117</build>
 <serverID>BM8W-S98H-DZCC-FLK7</serverID>
 <applications>
  <application>
   <id>32769</id>
   <name>crowd-embedded</name>
   <createdDate>portable AD 2020-08-19 20:51:00.825 +0000</createdDate>
   <updatedDate>portable AD 2020-08-19 20:51:00.956 +0000</updatedDate>
   <active>true</active>
   <type>CROWD</type>
   <credential>X</credential>
   <attributes>
    <attribute>
     <name>aggregateMemberships</name>
     <value>true</value>
    </attribute>
    <attribute>
     <name>atlassian_sha1_applied</name>
     <value>true</value>
    </attribute>
   </attributes>
   <directoryMappings>
    <directoryMapping>
     <id>98305</id>
     <directoryId>65537</directoryId>
     <allowAll>true</allowAll>
     <permissions>
      <permission>UPDATE_ROLE_ATTRIBUTE</permission>
      <permission>DELETE_USER</permission>
      <permission>UPDATE_GROUP</permission>
      <permission>DELETE_GROUP</permission>
      <permission>UPDATE_USER</permission>
      <permission>CREATE_ROLE</permission>
      <permission>CREATE_GROUP</permission>
      <permission>CREATE_USER</permission>
      <permission>DELETE_ROLE</permission>
      <permission>UPDATE_GROUP_ATTRIBUTE</permission>
      <permission>UPDATE_ROLE</permission>
      <permission>UPDATE_USER_ATTRIBUTE</permission>
     </permissions>
    </directoryMapping>
   </directoryMappings>
  </application>
 </applications>
</bamboo>