<?xml version='1.1' encoding='UTF-8' standalone='yes'?>
<bamboo>
 <date>Thu Aug 20 11:10:53 UTC 2020</date>
 <version>7.1.1</version>
 <buildDate>23-Jul-2020</buildDate>
 <build>70117</build>
 <serverID>BM8W-S98H-DZCC-FLK7</serverID>
 <auditLogs>
  <auditLog>
   <id>524289</id>
   <timestamp>1597870296324</timestamp>
   <messageType>FIELD_CHANGE</messageType>
   <message>branchDetectionCheckInterval</message>
   <oldValue>[0]</oldValue>
   <newValue>[300]</newValue>
   <userName>SYSTEM</userName>
  </auditLog>
  <auditLog>
   <id>524290</id>
   <timestamp>1597870296324</timestamp>
   <messageType>FIELD_CHANGE</messageType>
   <message>myBuildExpiryConfiguration.maximumBuildsToKeep</message>
   <newValue>0</newValue>
   <userName>SYSTEM</userName>
  </auditLog>
  <auditLog>
   <id>524291</id>
   <timestamp>1597870296324</timestamp>
   <messageType>FIELD_CHANGE</messageType>
   <message>myBuildExpiryConfiguration.expiryTypeNothing</message>
   <newValue>false</newValue>
   <userName>SYSTEM</userName>
  </auditLog>
  <auditLog>
   <id>524292</id>
   <timestamp>1597870296324</timestamp>
   <messageType>FIELD_CHANGE</messageType>
   <message>myBuildExpiryConfiguration.expiryTypeArtifact</message>
   <newValue>false</newValue>
   <userName>SYSTEM</userName>
  </auditLog>
  <auditLog>
   <id>524293</id>
   <timestamp>1597870296324</timestamp>
   <messageType>FIELD_CHANGE</messageType>
   <message>myBuildHangingConfig.liveLogsAreActive</message>
   <newValue>true</newValue>
   <userName>SYSTEM</userName>
  </auditLog>
  <auditLog>
   <id>524294</id>
   <timestamp>1597870296324</timestamp>
   <messageType>FIELD_CHANGE</messageType>
   <message>myBuildExpiryConfiguration.buildsToKeep</message>
   <newValue>0</newValue>
   <userName>SYSTEM</userName>
  </auditLog>
  <auditLog>
   <id>524295</id>
   <timestamp>1597870296324</timestamp>
   <messageType>FIELD_CHANGE</messageType>
   <message>myBuildHangingConfig.disabled</message>
   <newValue>false</newValue>
   <userName>SYSTEM</userName>
  </auditLog>
  <auditLog>
   <id>524296</id>
   <timestamp>1597870296324</timestamp>
   <messageType>FIELD_CHANGE</messageType>
   <message>myBuildExpiryConfiguration.expiryTypeBuildLog</message>
   <newValue>false</newValue>
   <userName>SYSTEM</userName>
  </auditLog>
  <auditLog>
   <id>524297</id>
   <timestamp>1597870296324</timestamp>
   <messageType>FIELD_CHANGE</messageType>
   <message>myBuildExpiryConfiguration.enabled</message>
   <newValue>false</newValue>
   <userName>SYSTEM</userName>
  </auditLog>
  <auditLog>
   <id>524298</id>
   <timestamp>1597870296324</timestamp>
   <messageType>FIELD_CHANGE</messageType>
   <message>myBuildExpiryConfiguration.maxIgnoredLogSize</message>
   <newValue>-1</newValue>
   <userName>SYSTEM</userName>
  </auditLog>
  <auditLog>
   <id>524299</id>
   <timestamp>1597870296324</timestamp>
   <messageType>FIELD_CHANGE</messageType>
   <message>myBuildHangingConfig.multiplier</message>
   <newValue>2.5</newValue>
   <userName>SYSTEM</userName>
  </auditLog>
  <auditLog>
   <id>524300</id>
   <timestamp>1597870296324</timestamp>
   <messageType>FIELD_CHANGE</messageType>
   <message>myBuildExpiryConfiguration.myDuration</message>
   <newValue>0</newValue>
   <userName>SYSTEM</userName>
  </auditLog>
  <auditLog>
   <id>524301</id>
   <timestamp>1597870296324</timestamp>
   <messageType>FIELD_CHANGE</messageType>
   <message>myBuildHangingConfig.minutesBeforeQueueTimeout</message>
   <newValue>5</newValue>
   <userName>SYSTEM</userName>
  </auditLog>
  <auditLog>
   <id>524302</id>
   <timestamp>1597870296324</timestamp>
   <messageType>FIELD_CHANGE</messageType>
   <message>myBuildExpiryConfiguration.expiryTypeResult</message>
   <newValue>false</newValue>
   <userName>SYSTEM</userName>
  </auditLog>
  <auditLog>
   <id>524303</id>
   <timestamp>1597870296324</timestamp>
   <messageType>FIELD_CHANGE</messageType>
   <message>myBuildHangingConfig.minutesBetweenLogs</message>
   <newValue>20</newValue>
   <userName>SYSTEM</userName>
  </auditLog>
  <auditLog>
   <id>524304</id>
   <timestamp>1597870612550</timestamp>
   <messageType>CONFIG_CHANGE</messageType>
   <message>Global repository eschool-back has been created.</message>
   <userName>misha</userName>
  </auditLog>
  <auditLog>
   <id>524305</id>
   <timestamp>1597870612735</timestamp>
   <messageType>FIELD_CHANGE</messageType>
   <message>Project created: ES</message>
   <newValue>Name: "Eschool-Project</newValue>
   <userName>misha</userName>
  </auditLog>
  <auditLog>
   <id>524306</id>
   <timestamp>1597870613143</timestamp>
   <messageType>CONFIG_CHANGE</messageType>
   <message>Job has been created.</message>
   <entityId>ES-BEPL</entityId>
   <childId>ES-BEPL-JOB1</childId>
   <userName>misha</userName>
   <entityType>Plan</entityType>
  </auditLog>
  <auditLog>
   <id>524307</id>
   <timestamp>1597870672377</timestamp>
   <messageType>CONFIG_CHANGE</messageType>
   <message>Task has been created.</message>
   <entityId>ES-BEPL</entityId>
   <childId>ES-BEPL-JOB1</childId>
   <userName>misha</userName>
   <entityType>Plan</entityType>
  </auditLog>
  <auditLog>
   <id>524308</id>
   <timestamp>1597870710094</timestamp>
   <messageType>FIELD_CHANGE</messageType>
   <message>Server Capability added</message>
   <newValue>system.builder.mvn3.mvn = /opt/maven (UI)</newValue>
   <userName>misha</userName>
  </auditLog>
  <auditLog>
   <id>524309</id>
   <timestamp>1597870779358</timestamp>
   <messageType>CONFIG_CHANGE</messageType>
   <message>Task has been created.</message>
   <entityId>ES-BEPL</entityId>
   <childId>ES-BEPL-JOB1</childId>
   <userName>misha</userName>
   <entityType>Plan</entityType>
  </auditLog>
  <auditLog>
   <id>524310</id>
   <timestamp>1597870926549</timestamp>
   <messageType>CONFIG_CHANGE</messageType>
   <message>Task has been created.</message>
   <entityId>ES-BEPL</entityId>
   <childId>ES-BEPL-JOB1</childId>
   <userName>misha</userName>
   <entityType>Plan</entityType>
  </auditLog>
  <auditLog>
   <id>524311</id>
   <timestamp>1597871098543</timestamp>
   <messageType>CONFIG_CHANGE</messageType>
   <message>Task has been created.</message>
   <entityId>ES-BEPL</entityId>
   <childId>ES-BEPL-JOB1</childId>
   <userName>misha</userName>
   <entityType>Plan</entityType>
  </auditLog>
  <auditLog>
   <id>524312</id>
   <timestamp>1597871116804</timestamp>
   <messageType>CONFIG_CHANGE</messageType>
   <message>Task has been created.</message>
   <entityId>ES-BEPL</entityId>
   <childId>ES-BEPL-JOB1</childId>
   <userName>misha</userName>
   <entityType>Plan</entityType>
  </auditLog>
  <auditLog>
   <id>524313</id>
   <timestamp>1597871123967</timestamp>
   <messageType>FIELD_CHANGE</messageType>
   <message>suspendedFromBuilding</message>
   <oldValue>true</oldValue>
   <newValue>false</newValue>
   <entityId>ES-BEPL</entityId>
   <userName>misha</userName>
   <entityType>Plan</entityType>
  </auditLog>
  <auditLog>
   <id>524314</id>
   <timestamp>1597871124079</timestamp>
   <messageType>CONFIG_CHANGE</messageType>
   <message>Plan has been created.</message>
   <entityId>ES-BEPL</entityId>
   <userName>misha</userName>
   <entityType>Plan</entityType>
  </auditLog>
  <auditLog>
   <id>524315</id>
   <timestamp>1597871124085</timestamp>
   <messageType>FIELD_CHANGE</messageType>
   <message>New Plan created</message>
   <newValue>ES-BEPL</newValue>
   <userName>misha</userName>
  </auditLog>
  <auditLog>
   <id>524316</id>
   <timestamp>1597871268771</timestamp>
   <messageType>FIELD_CHANGE</messageType>
   <message>buildName</message>
   <oldValue>Default Job</oldValue>
   <newValue>Backend1 CD</newValue>
   <entityId>ES-BEPL</entityId>
   <childId>ES-BEPL-JOB1</childId>
   <userName>misha</userName>
   <entityType>Plan</entityType>
  </auditLog>
  <auditLog>
   <id>524317</id>
   <timestamp>1597871320791</timestamp>
   <messageType>CONFIG_CHANGE</messageType>
   <message>Job has been created.</message>
   <entityId>ES-BEPL</entityId>
   <childId>ES-BEPL-BC2</childId>
   <userName>misha</userName>
   <entityType>Plan</entityType>
  </auditLog>
  <auditLog>
   <id>524318</id>
   <timestamp>1597871477982</timestamp>
   <messageType>FIELD_CHANGE</messageType>
   <message>scriptBody</message>
   <oldValue>database_ip="192.168.33.11"
local_ip="192.168.33.51"
sed -i "s/my.db_address/$database_ip/g" ./src/main/resources/application.properties
sed -i "s/my.backend_address/$local_ip/g" ./src/main/resources/application.properties
sed -i "s/my.db_address/$data…</oldValue>
   <newValue>database_ip="192.168.33.11"
local_ip="192.168.33.52"
sed -i "s/my.db_address/$database_ip/g" ./src/main/resources/application.properties
sed -i "s/my.backend_address/$local_ip/g" ./src/main/resources/application.properties
sed -i "s/my.db_address/$data…</newValue>
   <entityId>ES-BEPL</entityId>
   <childId>ES-BEPL-BC2</childId>
   <userName>misha</userName>
   <entityType>Plan</entityType>
  </auditLog>
  <auditLog>
   <id>524319</id>
   <timestamp>1597871491755</timestamp>
   <messageType>FIELD_CHANGE</messageType>
   <message>userDescription</message>
   <oldValue>Copy to Backend1</oldValue>
   <newValue>Copy to Backend2</newValue>
   <entityId>ES-BEPL</entityId>
   <childId>ES-BEPL-BC2</childId>
   <userName>misha</userName>
   <entityType>Plan</entityType>
  </auditLog>
  <auditLog>
   <id>524320</id>
   <timestamp>1597871491757</timestamp>
   <messageType>FIELD_CHANGE</messageType>
   <message>useAntPattern</message>
   <entityId>ES-BEPL</entityId>
   <childId>ES-BEPL-BC2</childId>
   <userName>misha</userName>
   <entityType>Plan</entityType>
  </auditLog>
  <auditLog>
   <id>524321</id>
   <timestamp>1597871491758</timestamp>
   <messageType>FIELD_CHANGE</messageType>
   <message>host</message>
   <oldValue>192.168.33.51</oldValue>
   <newValue>192.168.33.52</newValue>
   <entityId>ES-BEPL</entityId>
   <childId>ES-BEPL-BC2</childId>
   <userName>misha</userName>
   <entityType>Plan</entityType>
  </auditLog>
  <auditLog>
   <id>524322</id>
   <timestamp>1597871585477</timestamp>
   <messageType>CONFIG_CHANGE</messageType>
   <message>Global repository eschool-front has been created.</message>
   <userName>misha</userName>
  </auditLog>
  <auditLog>
   <id>524323</id>
   <timestamp>1597871585556</timestamp>
   <messageType>CONFIG_CHANGE</messageType>
   <message>Job has been created.</message>
   <entityId>ES-PLF1</entityId>
   <childId>ES-PLF1-JOB1</childId>
   <userName>misha</userName>
   <entityType>Plan</entityType>
  </auditLog>
  <auditLog>
   <id>524324</id>
   <timestamp>1597871649539</timestamp>
   <messageType>CONFIG_CHANGE</messageType>
   <message>Task has been created.</message>
   <entityId>ES-PLF1</entityId>
   <childId>ES-PLF1-JOB1</childId>
   <userName>misha</userName>
   <entityType>Plan</entityType>
  </auditLog>
  <auditLog>
   <id>524325</id>
   <timestamp>1597871690163</timestamp>
   <messageType>CONFIG_CHANGE</messageType>
   <message>Task has been created.</message>
   <entityId>ES-PLF1</entityId>
   <childId>ES-PLF1-JOB1</childId>
   <userName>misha</userName>
   <entityType>Plan</entityType>
  </auditLog>
  <auditLog>
   <id>524326</id>
   <timestamp>1597871739668</timestamp>
   <messageType>CONFIG_CHANGE</messageType>
   <message>Task has been created.</message>
   <entityId>ES-PLF1</entityId>
   <childId>ES-PLF1-JOB1</childId>
   <userName>misha</userName>
   <entityType>Plan</entityType>
  </auditLog>
  <auditLog>
   <id>524327</id>
   <timestamp>1597871782580</timestamp>
   <messageType>CONFIG_CHANGE</messageType>
   <message>Task has been created.</message>
   <entityId>ES-PLF1</entityId>
   <childId>ES-PLF1-JOB1</childId>
   <userName>misha</userName>
   <entityType>Plan</entityType>
  </auditLog>
  <auditLog>
   <id>524328</id>
   <timestamp>1597871853167</timestamp>
   <messageType>CONFIG_CHANGE</messageType>
   <message>Task has been created.</message>
   <entityId>ES-PLF1</entityId>
   <childId>ES-PLF1-JOB1</childId>
   <userName>misha</userName>
   <entityType>Plan</entityType>
  </auditLog>
  <auditLog>
   <id>524329</id>
   <timestamp>1597871931964</timestamp>
   <messageType>CONFIG_CHANGE</messageType>
   <message>Task has been created.</message>
   <entityId>ES-PLF1</entityId>
   <childId>ES-PLF1-JOB1</childId>
   <userName>misha</userName>
   <entityType>Plan</entityType>
  </auditLog>
  <auditLog>
   <id>524330</id>
   <timestamp>1597872015349</timestamp>
   <messageType>CONFIG_CHANGE</messageType>
   <message>Task has been moved.</message>
   <entityId>ES-PLF1</entityId>
   <childId>ES-PLF1-JOB1</childId>
   <userName>misha</userName>
   <entityType>Plan</entityType>
  </auditLog>
  <auditLog>
   <id>524331</id>
   <timestamp>1597872087369</timestamp>
   <messageType>CONFIG_CHANGE</messageType>
   <message>Task has been created.</message>
   <entityId>ES-PLF1</entityId>
   <childId>ES-PLF1-JOB1</childId>
   <userName>misha</userName>
   <entityType>Plan</entityType>
  </auditLog>
  <auditLog>
   <id>524332</id>
   <timestamp>1597872126854</timestamp>
   <messageType>CONFIG_CHANGE</messageType>
   <message>Task has been created.</message>
   <entityId>ES-PLF1</entityId>
   <childId>ES-PLF1-JOB1</childId>
   <userName>misha</userName>
   <entityType>Plan</entityType>
  </auditLog>
  <auditLog>
   <id>524333</id>
   <timestamp>1597872131995</timestamp>
   <messageType>CONFIG_CHANGE</messageType>
   <message>Task has been moved.</message>
   <entityId>ES-PLF1</entityId>
   <childId>ES-PLF1-JOB1</childId>
   <userName>misha</userName>
   <entityType>Plan</entityType>
  </auditLog>
  <auditLog>
   <id>524334</id>
   <timestamp>1597872140546</timestamp>
   <messageType>FIELD_CHANGE</messageType>
   <message>isEnabled</message>
   <oldValue>true</oldValue>
   <newValue>false</newValue>
   <entityId>ES-PLF1</entityId>
   <childId>ES-PLF1-JOB1</childId>
   <userName>misha</userName>
   <entityType>Plan</entityType>
  </auditLog>
  <auditLog>
   <id>524335</id>
   <timestamp>1597872150851</timestamp>
   <messageType>FIELD_CHANGE</messageType>
   <message>isEnabled</message>
   <oldValue>true</oldValue>
   <newValue>false</newValue>
   <entityId>ES-PLF1</entityId>
   <childId>ES-PLF1-JOB1</childId>
   <userName>misha</userName>
   <entityType>Plan</entityType>
  </auditLog>
  <auditLog>
   <id>524336</id>
   <timestamp>1597872155841</timestamp>
   <messageType>FIELD_CHANGE</messageType>
   <message>suspendedFromBuilding</message>
   <oldValue>true</oldValue>
   <newValue>false</newValue>
   <entityId>ES-PLF1</entityId>
   <userName>misha</userName>
   <entityType>Plan</entityType>
  </auditLog>
  <auditLog>
   <id>524337</id>
   <timestamp>1597872155888</timestamp>
   <messageType>CONFIG_CHANGE</messageType>
   <message>Plan has been created.</message>
   <entityId>ES-PLF1</entityId>
   <userName>misha</userName>
   <entityType>Plan</entityType>
  </auditLog>
  <auditLog>
   <id>524338</id>
   <timestamp>1597872155888</timestamp>
   <messageType>FIELD_CHANGE</messageType>
   <message>New Plan created</message>
   <newValue>ES-PLF1</newValue>
   <userName>misha</userName>
  </auditLog>
  <auditLog>
   <id>524339</id>
   <timestamp>1597872620700</timestamp>
   <messageType>FIELD_CHANGE</messageType>
   <message>isEnabled</message>
   <oldValue>false</oldValue>
   <newValue>true</newValue>
   <entityId>ES-PLF1</entityId>
   <childId>ES-PLF1-JOB1</childId>
   <userName>misha</userName>
   <entityType>Plan</entityType>
  </auditLog>
  <auditLog>
   <id>524340</id>
   <timestamp>1597872628748</timestamp>
   <messageType>FIELD_CHANGE</messageType>
   <message>isEnabled</message>
   <oldValue>false</oldValue>
   <newValue>true</newValue>
   <entityId>ES-PLF1</entityId>
   <childId>ES-PLF1-JOB1</childId>
   <userName>misha</userName>
   <entityType>Plan</entityType>
  </auditLog>
  <auditLog>
   <id>524341</id>
   <timestamp>1597873005082</timestamp>
   <messageType>CONFIG_CHANGE</messageType>
   <message>Server state changed to 'PAUSING' from 'RUNNING'</message>
   <userName>misha</userName>
  </auditLog>
  <auditLog>
   <id>524342</id>
   <timestamp>1597873005103</timestamp>
   <messageType>CONFIG_CHANGE</messageType>
   <message>Server state changed to 'PAUSED' from 'PAUSING'</message>
  </auditLog>
  <auditLog>
   <id>524343</id>
   <timestamp>1597873006753</timestamp>
   <messageType>CONFIG_CHANGE</messageType>
   <message>Server state changed to 'RUNNING' from 'PAUSED'</message>
   <userName>misha</userName>
  </auditLog>
  <auditLog>
   <id>1048577</id>
   <timestamp>1597898688094</timestamp>
   <messageType>CONFIG_CHANGE</messageType>
   <message>Trigger has been removed</message>
   <entityId>ES-BEPL</entityId>
   <userName>misha</userName>
   <entityType>Plan</entityType>
  </auditLog>
  <auditLog>
   <id>1048578</id>
   <timestamp>1597898904621</timestamp>
   <messageType>CONFIG_CHANGE</messageType>
   <message>Trigger has been created</message>
   <entityId>ES-BEPL</entityId>
   <userName>misha</userName>
   <entityType>Plan</entityType>
  </auditLog>
  <auditLog>
   <id>1048579</id>
   <timestamp>1597899037825</timestamp>
   <messageType>FIELD_CHANGE</messageType>
   <message>unauthenticatedRemoteTriggerAllowed</message>
   <oldValue>[false]</oldValue>
   <newValue>[true]</newValue>
   <userName>misha</userName>
  </auditLog>
  <auditLog>
   <id>1048580</id>
   <timestamp>1597899037825</timestamp>
   <messageType>FIELD_CHANGE</messageType>
   <message>resolveArtifactContentTypeByExtension</message>
   <newValue>false</newValue>
   <userName>misha</userName>
  </auditLog>
  <auditLog>
   <id>1048581</id>
   <timestamp>1597899037825</timestamp>
   <messageType>FIELD_CHANGE</messageType>
   <message>lookandfeelConfiguration.secondaryHeaderColor</message>
   <newValue>#0065ff</newValue>
   <userName>misha</userName>
  </auditLog>
  <auditLog>
   <id>1048582</id>
   <timestamp>1597899037825</timestamp>
   <messageType>FIELD_CHANGE</messageType>
   <message>captchaConfiguration.maxLoginAttempts</message>
   <newValue>3</newValue>
   <userName>misha</userName>
  </auditLog>
  <auditLog>
   <id>1048583</id>
   <timestamp>1597899037825</timestamp>
   <messageType>FIELD_CHANGE</messageType>
   <message>manualEncryptionConfiguration.limit</message>
   <newValue>100</newValue>
   <userName>misha</userName>
  </auditLog>
  <auditLog>
   <id>1048584</id>
   <timestamp>1597899037825</timestamp>
   <messageType>FIELD_CHANGE</messageType>
   <message>manualEncryptionConfiguration.enabled</message>
   <newValue>true</newValue>
   <userName>misha</userName>
  </auditLog>
  <auditLog>
   <id>1048585</id>
   <timestamp>1597899037825</timestamp>
   <messageType>FIELD_CHANGE</messageType>
   <message>lookandfeelConfiguration.primaryHeaderColor</message>
   <newValue>#0747a6</newValue>
   <userName>misha</userName>
  </auditLog>
  <auditLog>
   <id>1048586</id>
   <timestamp>1597899037825</timestamp>
   <messageType>FIELD_CHANGE</messageType>
   <message>quarantineConfiguration.expiryOverridable</message>
   <newValue>false</newValue>
   <userName>misha</userName>
  </auditLog>
  <auditLog>
   <id>1048587</id>
   <timestamp>1597899037825</timestamp>
   <messageType>FIELD_CHANGE</messageType>
   <message>lookandfeelConfiguration.faviconPath</message>
   <newValue>/attachments/logos/bamboo-favicon.ico</newValue>
   <userName>misha</userName>
  </auditLog>
  <auditLog>
   <id>1048588</id>
   <timestamp>1597899037825</timestamp>
   <messageType>FIELD_CHANGE</messageType>
   <message>manualEncryptionConfiguration.limitUnit</message>
   <newValue>HOURS</newValue>
   <userName>misha</userName>
  </auditLog>
  <auditLog>
   <id>1048589</id>
   <timestamp>1597899037825</timestamp>
   <messageType>FIELD_CHANGE</messageType>
   <message>quarantineConfiguration.enabled</message>
   <newValue>false</newValue>
   <userName>misha</userName>
  </auditLog>
  <auditLog>
   <id>1048590</id>
   <timestamp>1597899037825</timestamp>
   <messageType>FIELD_CHANGE</messageType>
   <message>captchaConfiguration.enableCaptchaOnSignup</message>
   <newValue>true</newValue>
   <userName>misha</userName>
  </auditLog>
  <auditLog>
   <id>1048591</id>
   <timestamp>1597899037825</timestamp>
   <messageType>FIELD_CHANGE</messageType>
   <message>lookandfeelConfiguration.logoPath</message>
   <newValue>/attachments/logos/bamboo-logo.png</newValue>
   <userName>misha</userName>
  </auditLog>
  <auditLog>
   <id>1048592</id>
   <timestamp>1597899037825</timestamp>
   <messageType>FIELD_CHANGE</messageType>
   <message>captchaConfiguration.enableCaptcha</message>
   <newValue>true</newValue>
   <userName>misha</userName>
  </auditLog>
  <auditLog>
   <id>1048593</id>
   <timestamp>1597899512815</timestamp>
   <messageType>FIELD_CHANGE</messageType>
   <message>suspendedFromBuilding</message>
   <oldValue>false</oldValue>
   <newValue>true</newValue>
   <entityId>ES-BEPL</entityId>
   <childId>ES-BEPL-BC2</childId>
   <userName>misha</userName>
   <entityType>Plan</entityType>
  </auditLog>
  <auditLog>
   <id>1048594</id>
   <timestamp>1597899794659</timestamp>
   <messageType>FIELD_CHANGE</messageType>
   <message>goal</message>
   <oldValue>clean package -DskipTests</oldValue>
   <newValue>clean package test -Dtest=\!ScheduleControllerIntegrationTest*</newValue>
   <entityId>ES-BEPL</entityId>
   <childId>ES-BEPL-JOB1</childId>
   <userName>misha</userName>
   <entityType>Plan</entityType>
  </auditLog>
  <auditLog>
   <id>1048595</id>
   <timestamp>1597899794660</timestamp>
   <messageType>FIELD_CHANGE</messageType>
   <message>testChecked</message>
   <entityId>ES-BEPL</entityId>
   <childId>ES-BEPL-JOB1</childId>
   <userName>misha</userName>
   <entityType>Plan</entityType>
  </auditLog>
  <auditLog>
   <id>1048596</id>
   <timestamp>1597899943980</timestamp>
   <messageType>FIELD_CHANGE</messageType>
   <message>goal</message>
   <oldValue>clean package test -Dtest=\!ScheduleControllerIntegrationTest*</oldValue>
   <newValue>clean package -Dtest=\!ScheduleControllerIntegrationTest* -X</newValue>
   <entityId>ES-BEPL</entityId>
   <childId>ES-BEPL-JOB1</childId>
   <userName>misha</userName>
   <entityType>Plan</entityType>
  </auditLog>
  <auditLog>
   <id>1048597</id>
   <timestamp>1597899943982</timestamp>
   <messageType>FIELD_CHANGE</messageType>
   <message>testChecked</message>
   <entityId>ES-BEPL</entityId>
   <childId>ES-BEPL-JOB1</childId>
   <userName>misha</userName>
   <entityType>Plan</entityType>
  </auditLog>
  <auditLog>
   <id>1048598</id>
   <timestamp>1597900090604</timestamp>
   <messageType>FIELD_CHANGE</messageType>
   <message>goal</message>
   <oldValue>clean package -Dtest=\!ScheduleControllerIntegrationTest* -X</oldValue>
   <newValue>clean package -Dtest=\!ScheduleControllerIntegrationTest*</newValue>
   <entityId>ES-BEPL</entityId>
   <childId>ES-BEPL-JOB1</childId>
   <userName>misha</userName>
   <entityType>Plan</entityType>
  </auditLog>
  <auditLog>
   <id>1048599</id>
   <timestamp>1597900090608</timestamp>
   <messageType>FIELD_CHANGE</messageType>
   <message>testChecked</message>
   <newValue>true</newValue>
   <entityId>ES-BEPL</entityId>
   <childId>ES-BEPL-JOB1</childId>
   <userName>misha</userName>
   <entityType>Plan</entityType>
  </auditLog>
  <auditLog>
   <id>1048600</id>
   <timestamp>1597900443726</timestamp>
   <messageType>FIELD_CHANGE</messageType>
   <message>testDirectoryOption</message>
   <oldValue>standardTestDirectory</oldValue>
   <newValue>customTestDirectory</newValue>
   <entityId>ES-BEPL</entityId>
   <childId>ES-BEPL-JOB1</childId>
   <userName>misha</userName>
   <entityType>Plan</entityType>
  </auditLog>
  <auditLog>
   <id>1048601</id>
   <timestamp>1597900508573</timestamp>
   <messageType>FIELD_CHANGE</messageType>
   <message>goal</message>
   <oldValue>clean package -Dtest=\!ScheduleControllerIntegrationTest*</oldValue>
   <newValue>package -Dtest=\!ScheduleControllerIntegrationTest*</newValue>
   <entityId>ES-BEPL</entityId>
   <childId>ES-BEPL-JOB1</childId>
   <userName>misha</userName>
   <entityType>Plan</entityType>
  </auditLog>
  <auditLog>
   <id>1048602</id>
   <timestamp>1597900613290</timestamp>
   <messageType>FIELD_CHANGE</messageType>
   <message>goal</message>
   <oldValue>package -Dtest=\!ScheduleControllerIntegrationTest*</oldValue>
   <newValue>clean package -Dtest=\!ScheduleControllerIntegrationTest* -DfailIfNoTests=false</newValue>
   <entityId>ES-BEPL</entityId>
   <childId>ES-BEPL-JOB1</childId>
   <userName>misha</userName>
   <entityType>Plan</entityType>
  </auditLog>
  <auditLog>
   <id>1048603</id>
   <timestamp>1597900766413</timestamp>
   <messageType>FIELD_CHANGE</messageType>
   <message>goal</message>
   <oldValue>clean package -Dtest=\!ScheduleControllerIntegrationTest* -DfailIfNoTests=false</oldValue>
   <newValue>clean package -Dtest=\!ScheduleControllerIntegrationTest*</newValue>
   <entityId>ES-BEPL</entityId>
   <childId>ES-BEPL-JOB1</childId>
   <userName>misha</userName>
   <entityType>Plan</entityType>
  </auditLog>
  <auditLog>
   <id>1048604</id>
   <timestamp>1597900766414</timestamp>
   <messageType>FIELD_CHANGE</messageType>
   <message>testChecked</message>
   <oldValue>true</oldValue>
   <entityId>ES-BEPL</entityId>
   <childId>ES-BEPL-JOB1</childId>
   <userName>misha</userName>
   <entityType>Plan</entityType>
  </auditLog>
  <auditLog>
   <id>1048605</id>
   <timestamp>1597900871322</timestamp>
   <messageType>FIELD_CHANGE</messageType>
   <message>isEnabled</message>
   <oldValue>true</oldValue>
   <newValue>false</newValue>
   <entityId>ES-BEPL</entityId>
   <childId>ES-BEPL-JOB1</childId>
   <userName>misha</userName>
   <entityType>Plan</entityType>
  </auditLog>
  <auditLog>
   <id>1048606</id>
   <timestamp>1597900871324</timestamp>
   <messageType>FIELD_CHANGE</messageType>
   <message>testChecked</message>
   <entityId>ES-BEPL</entityId>
   <childId>ES-BEPL-JOB1</childId>
   <userName>misha</userName>
   <entityType>Plan</entityType>
  </auditLog>
  <auditLog>
   <id>1048607</id>
   <timestamp>1597900899430</timestamp>
   <messageType>CONFIG_CHANGE</messageType>
   <message>Task has been created.</message>
   <entityId>ES-BEPL</entityId>
   <childId>ES-BEPL-JOB1</childId>
   <userName>misha</userName>
   <entityType>Plan</entityType>
  </auditLog>
  <auditLog>
   <id>1048608</id>
   <timestamp>1597900904992</timestamp>
   <messageType>CONFIG_CHANGE</messageType>
   <message>Task has been moved.</message>
   <entityId>ES-BEPL</entityId>
   <childId>ES-BEPL-JOB1</childId>
   <userName>misha</userName>
   <entityType>Plan</entityType>
  </auditLog>
  <auditLog>
   <id>1048609</id>
   <timestamp>1597900967819</timestamp>
   <messageType>FIELD_CHANGE</messageType>
   <message>scriptBody</message>
   <oldValue>sudo mvn clean package -Dtest=\!ScheduleControllerIntegrationTest*</oldValue>
   <newValue>mvn clean package -Dtest=\!ScheduleControllerIntegrationTest*</newValue>
   <entityId>ES-BEPL</entityId>
   <childId>ES-BEPL-JOB1</childId>
   <userName>misha</userName>
   <entityType>Plan</entityType>
  </auditLog>
  <auditLog>
   <id>1048610</id>
   <timestamp>1597901053096</timestamp>
   <messageType>FIELD_CHANGE</messageType>
   <message>scriptBody</message>
   <oldValue>mvn clean package -Dtest=\!ScheduleControllerIntegrationTest*</oldValue>
   <newValue>/opt/maven/bin/mvn clean package -Dtest=\!ScheduleControllerIntegrationTest*</newValue>
   <entityId>ES-BEPL</entityId>
   <childId>ES-BEPL-JOB1</childId>
   <userName>misha</userName>
   <entityType>Plan</entityType>
  </auditLog>
  <auditLog>
   <id>1048611</id>
   <timestamp>1597901136448</timestamp>
   <messageType>CONFIG_CHANGE</messageType>
   <message>Task has been removed.</message>
   <entityId>ES-BEPL</entityId>
   <childId>ES-BEPL-JOB1</childId>
   <userName>misha</userName>
   <entityType>Plan</entityType>
  </auditLog>
  <auditLog>
   <id>1048612</id>
   <timestamp>1597901206739</timestamp>
   <messageType>FIELD_CHANGE</messageType>
   <message>userDescription</message>
   <oldValue>mvn test</oldValue>
   <newValue>mvn clean package</newValue>
   <entityId>ES-BEPL</entityId>
   <childId>ES-BEPL-JOB1</childId>
   <userName>misha</userName>
   <entityType>Plan</entityType>
  </auditLog>
  <auditLog>
   <id>1048613</id>
   <timestamp>1597901377375</timestamp>
   <messageType>CONFIG_CHANGE</messageType>
   <message>Task has been moved.</message>
   <entityId>ES-BEPL</entityId>
   <childId>ES-BEPL-JOB1</childId>
   <userName>misha</userName>
   <entityType>Plan</entityType>
  </auditLog>
  <auditLog>
   <id>1048614</id>
   <timestamp>1597901377375</timestamp>
   <messageType>FIELD_CHANGE</messageType>
   <message>finalising</message>
   <oldValue>false</oldValue>
   <newValue>true</newValue>
   <entityId>ES-BEPL</entityId>
   <childId>ES-BEPL-JOB1</childId>
   <userName>misha</userName>
   <entityType>Plan</entityType>
  </auditLog>
  <auditLog>
   <id>1048615</id>
   <timestamp>1597901395609</timestamp>
   <messageType>CONFIG_CHANGE</messageType>
   <message>Task has been removed.</message>
   <entityId>ES-BEPL</entityId>
   <childId>ES-BEPL-BC2</childId>
   <userName>misha</userName>
   <entityType>Plan</entityType>
  </auditLog>
  <auditLog>
   <id>1048616</id>
   <timestamp>1597901421278</timestamp>
   <messageType>CONFIG_CHANGE</messageType>
   <message>Task has been created.</message>
   <entityId>ES-BEPL</entityId>
   <childId>ES-BEPL-BC2</childId>
   <userName>misha</userName>
   <entityType>Plan</entityType>
  </auditLog>
  <auditLog>
   <id>1048617</id>
   <timestamp>1597901425703</timestamp>
   <messageType>CONFIG_CHANGE</messageType>
   <message>Task has been moved.</message>
   <entityId>ES-BEPL</entityId>
   <childId>ES-BEPL-BC2</childId>
   <userName>misha</userName>
   <entityType>Plan</entityType>
  </auditLog>
  <auditLog>
   <id>1048618</id>
   <timestamp>1597901430086</timestamp>
   <messageType>CONFIG_CHANGE</messageType>
   <message>Task has been moved.</message>
   <entityId>ES-BEPL</entityId>
   <childId>ES-BEPL-BC2</childId>
   <userName>misha</userName>
   <entityType>Plan</entityType>
  </auditLog>
  <auditLog>
   <id>1048619</id>
   <timestamp>1597901430087</timestamp>
   <messageType>FIELD_CHANGE</messageType>
   <message>finalising</message>
   <oldValue>false</oldValue>
   <newValue>true</newValue>
   <entityId>ES-BEPL</entityId>
   <childId>ES-BEPL-BC2</childId>
   <userName>misha</userName>
   <entityType>Plan</entityType>
  </auditLog>
  <auditLog>
   <id>1048620</id>
   <timestamp>1597901441056</timestamp>
   <messageType>FIELD_CHANGE</messageType>
   <message>suspendedFromBuilding</message>
   <oldValue>true</oldValue>
   <newValue>false</newValue>
   <entityId>ES-BEPL</entityId>
   <childId>ES-BEPL-BC2</childId>
   <userName>misha</userName>
   <entityType>Plan</entityType>
  </auditLog>
  <auditLog>
   <id>1048621</id>
   <timestamp>1597901554324</timestamp>
   <messageType>CONFIG_CHANGE</messageType>
   <message>Trigger has been removed</message>
   <entityId>ES-PLF1</entityId>
   <userName>misha</userName>
   <entityType>Plan</entityType>
  </auditLog>
  <auditLog>
   <id>1048622</id>
   <timestamp>1597901587670</timestamp>
   <messageType>CONFIG_CHANGE</messageType>
   <message>Trigger has been created</message>
   <entityId>ES-PLF1</entityId>
   <userName>misha</userName>
   <entityType>Plan</entityType>
  </auditLog>
  <auditLog>
   <id>1048623</id>
   <timestamp>1597901898732</timestamp>
   <messageType>CONFIG_CHANGE</messageType>
   <message>Server state changed to 'PAUSING' from 'RUNNING'</message>
   <userName>misha</userName>
  </auditLog>
  <auditLog>
   <id>1048624</id>
   <timestamp>1597901898735</timestamp>
   <messageType>CONFIG_CHANGE</messageType>
   <message>Server state changed to 'PAUSED' from 'PAUSING'</message>
  </auditLog>
  <auditLog>
   <id>1507329</id>
   <timestamp>1597921449759</timestamp>
   <messageType>FIELD_CHANGE</messageType>
   <message>scriptBody</message>
   <oldValue>/opt/maven/bin/mvn clean package -Dtest=\!ScheduleControllerIntegrationTest*</oldValue>
   <newValue>/opt/maven/bin/mvn clean package -D test=\!ScheduleControllerIntegrationTest*</newValue>
   <entityId>ES-BEPL</entityId>
   <childId>ES-BEPL-JOB1</childId>
   <fieldType>TASK</fieldType>
   <userName>misha</userName>
   <fieldHeader>Script (mvn clean package)</fieldHeader>
   <entityType>Plan</entityType>
  </auditLog>
  <auditLog>
   <id>1507330</id>
   <timestamp>1597921465229</timestamp>
   <messageType>FIELD_CHANGE</messageType>
   <message>scriptBody</message>
   <oldValue>/opt/maven/bin/mvn clean package -Dtest=\!ScheduleControllerIntegrationTest*</oldValue>
   <newValue>/opt/maven/bin/mvn clean package -D test=\!ScheduleControllerIntegrationTest*</newValue>
   <entityId>ES-BEPL</entityId>
   <childId>ES-BEPL-BC2</childId>
   <fieldType>TASK</fieldType>
   <userName>misha</userName>
   <fieldHeader>Script (mvn clean package)</fieldHeader>
   <entityType>Plan</entityType>
  </auditLog>
  <auditLog>
   <id>1507331</id>
   <timestamp>1597921853944</timestamp>
   <messageType>CONFIG_CHANGE</messageType>
   <message>Server state changed to 'PAUSING' from 'RUNNING'</message>
   <userName>misha</userName>
  </auditLog>
  <auditLog>
   <id>1507332</id>
   <timestamp>1597921853956</timestamp>
   <messageType>CONFIG_CHANGE</messageType>
   <message>Server state changed to 'PAUSED' from 'PAUSING'</message>
  </auditLog>
 </auditLogs>
</bamboo>