<?xml version='1.1' encoding='UTF-8' standalone='yes'?>
<bamboo>
 <date>Thu Aug 20 05:38:18 UTC 2020</date>
 <version>7.1.1</version>
 <buildDate>23-Jul-2020</buildDate>
 <build>70117</build>
 <serverID>BM8W-S98H-DZCC-FLK7</serverID>
 <crowdMemberships>
  <membership>
   <id>229377</id>
   <directoryId>65537</directoryId>
   <parentName>bamboo-admin</parentName>
   <childName>misha</childName>
   <parentId>196609</parentId>
   <childId>131073</childId>
   <membershipType>GROUP_USER</membershipType>
   <groupType>GROUP</groupType>
   <createdDate>portable AD 2020-08-19 20:51:01.407 +0000</createdDate>
  </membership>
 </crowdMemberships>
</bamboo>