<?xml version='1.1' encoding='UTF-8' standalone='yes'?>
<bamboo>
 <date>Thu Aug 20 11:10:53 UTC 2020</date>
 <version>7.1.1</version>
 <buildDate>23-Jul-2020</buildDate>
 <build>70117</build>
 <serverID>BM8W-S98H-DZCC-FLK7</serverID>
 <crowdUsers>
  <user>
   <id>131073</id>
   <name>misha</name>
   <createdDate>portable AD 2020-08-19 20:51:01.188 +0000</createdDate>
   <updatedDate>portable AD 2020-08-19 20:51:01.434 +0000</updatedDate>
   <active>true</active>
   <directoryId>65537</directoryId>
   <firstName>misha</firstName>
   <lastName>navrotskyi</lastName>
   <displayName>misha navrotskyi</displayName>
   <email>avvppro@gmail.com</email>
   <externalId>cbc80c66-4f1c-4825-9c31-372c939e4acd</externalId>
   <credential>{PKCS5S2}L9nGS27Lrec1A/DX8mCR0VU05cqcdhKoeTSYn4nbB77hS0GjCvMwA6HC4QQho+OP</credential>
   <attributes>
    <attribute>
     <id>1474561</id>
     <name>requiresPasswordChange</name>
     <value>false</value>
    </attribute>
    <attribute>
     <id>1474563</id>
     <name>lastAuthenticated</name>
     <value>1597921413038</value>
    </attribute>
    <attribute>
     <id>1474562</id>
     <name>invalidPasswordAttempts</name>
     <value>0</value>
    </attribute>
   </attributes>
  </user>
 </crowdUsers>
</bamboo>