<?xml version='1.1' encoding='UTF-8' standalone='yes'?>
<bamboo>
 <date>Thu Aug 20 13:48:34 UTC 2020</date>
 <version>7.1.1</version>
 <buildDate>23-Jul-2020</buildDate>
 <build>70117</build>
 <serverID>BM8W-S98H-DZCC-FLK7</serverID>
 <crowdGroups>
  <group>
   <id>196609</id>
   <name>bamboo-admin</name>
   <createdDate>portable AD 2020-08-19 20:51:01.279 +0000</createdDate>
   <updatedDate>portable AD 2020-08-19 20:51:01.279 +0000</updatedDate>
   <active>true</active>
   <directoryId>65537</directoryId>
   <type>GROUP</type>
  </group>
 </crowdGroups>
</bamboo>