<?xml version='1.1' encoding='UTF-8' standalone='yes'?>
<bamboo>
 <date>Thu Aug 20 11:10:53 UTC 2020</date>
 <version>7.1.1</version>
 <buildDate>23-Jul-2020</buildDate>
 <build>70117</build>
 <serverID>BM8W-S98H-DZCC-FLK7</serverID>
 <directories>
  <directory>
   <id>65537</id>
   <name>Bamboo Internal Directory</name>
   <createdDate>portable AD 2020-08-19 20:51:00.944 +0000</createdDate>
   <updatedDate>portable AD 2020-08-19 20:51:00.944 +0000</updatedDate>
   <active>true</active>
   <description>Bamboo default internal directory</description>
   <type>INTERNAL</type>
   <implementationClass>com.atlassian.crowd.directory.InternalDirectory</implementationClass>
   <permissions/>
   <permissions>
    <permission>CREATE_USER</permission>
    <permission>CREATE_GROUP</permission>
    <permission>CREATE_ROLE</permission>
    <permission>UPDATE_USER</permission>
    <permission>UPDATE_GROUP</permission>
    <permission>UPDATE_ROLE</permission>
    <permission>UPDATE_USER_ATTRIBUTE</permission>
    <permission>UPDATE_GROUP_ATTRIBUTE</permission>
    <permission>UPDATE_ROLE_ATTRIBUTE</permission>
    <permission>DELETE_USER</permission>
    <permission>DELETE_GROUP</permission>
    <permission>DELETE_ROLE</permission>
   </permissions>
   <attributes>
    <attribute>
     <name>user_encryption_method</name>
     <value>atlassian-security</value>
    </attribute>
   </attributes>
  </directory>
 </directories>
</bamboo>