<?xml version='1.1' encoding='UTF-8' standalone='yes'?>
<bamboo>
 <date>Thu Aug 20 05:38:18 UTC 2020</date>
 <version>7.1.1</version>
 <buildDate>23-Jul-2020</buildDate>
 <build>70117</build>
 <serverID>BM8W-S98H-DZCC-FLK7</serverID>
 <idGeneratorData>
  <idGeneratorEntity>
   <name>REPOSITORY</name>
   <nextId>1025</nextId>
  </idGeneratorEntity>
  <idGeneratorEntity>
   <name>PROJECT</name>
   <nextId>1025</nextId>
  </idGeneratorEntity>
  <idGeneratorEntity>
   <name>CHAIN</name>
   <nextId>1025</nextId>
  </idGeneratorEntity>
  <idGeneratorEntity>
   <name>TASK</name>
   <nextId>2049</nextId>
  </idGeneratorEntity>
  <idGeneratorEntity>
   <name>STAGE</name>
   <nextId>1025</nextId>
  </idGeneratorEntity>
  <idGeneratorEntity>
   <name>JOB</name>
   <nextId>1025</nextId>
  </idGeneratorEntity>
 </idGeneratorData>
</bamboo>