<?xml version='1.1' encoding='UTF-8' standalone='yes'?>
<bamboo>
 <date>Thu Aug 20 11:10:53 UTC 2020</date>
 <version>7.1.1</version>
 <buildDate>23-Jul-2020</buildDate>
 <build>70117</build>
 <serverID>BM8W-S98H-DZCC-FLK7</serverID>
 <pipelines>
  <pipeline>
   <id>360449</id>
   <creationDate>portable AD 2020-08-19 20:51:01.852 +0000</creationDate>
   <modificationDate>portable AD 2020-08-19 20:51:01.852 +0000</modificationDate>
   <type>LOCAL</type>
   <name>Default Agent</name>
   <enabled>true</enabled>
   <capabilities/>
  </pipeline>
 </pipelines>
</bamboo>