<?xml version='1.1' encoding='UTF-8' standalone='yes'?>
<bamboo>
 <date>Thu Aug 20 11:10:53 UTC 2020</date>
 <version>7.1.1</version>
 <buildDate>23-Jul-2020</buildDate>
 <build>70117</build>
 <serverID>BM8W-S98H-DZCC-FLK7</serverID>
 <planBuildNumbers>
  <buildNumbers>
   <id>753665</id>
   <planId>622593</planId>
   <nextBuildNumber>15</nextBuildNumber>
  </buildNumbers>
  <buildNumbers>
   <id>753666</id>
   <planId>622596</planId>
   <nextBuildNumber>3</nextBuildNumber>
  </buildNumbers>
 </planBuildNumbers>
</bamboo>