<?xml version='1.1' encoding='UTF-8' standalone='yes'?>
<bamboo>
 <date>Thu Aug 20 13:48:34 UTC 2020</date>
 <version>7.1.1</version>
 <buildDate>23-Jul-2020</buildDate>
 <build>70117</build>
 <serverID>BM8W-S98H-DZCC-FLK7</serverID>
 <planRepositories>
  <planRepository>
   <id>720897</id>
   <plan>ES-BEPL</plan>
   <repositoryDefinition>557058</repositoryDefinition>
   <position>0</position>
  </planRepository>
  <planRepository>
   <id>720898</id>
   <plan>ES-PLF1</plan>
   <repositoryDefinition>557060</repositoryDefinition>
   <position>0</position>
  </planRepository>
 </planRepositories>
</bamboo>