<?xml version='1.1' encoding='UTF-8' standalone='yes'?>
<bamboo>
 <date>Thu Aug 20 11:10:53 UTC 2020</date>
 <version>7.1.1</version>
 <buildDate>23-Jul-2020</buildDate>
 <build>70117</build>
 <serverID>BM8W-S98H-DZCC-FLK7</serverID>
 <planVcsHistory>
  <vcsHistoryItem>
   <id>950274</id>
   <planKey>ES-PLF1</planKey>
   <buildNumber>1</buildNumber>
   <revisionKey>916ae1233af29bb667f8e12ba91e88018d1e7a66</revisionKey>
   <repositoryId>557060</repositoryId>
   <customXmlData><![CDATA[]]></customXmlData>
  </vcsHistoryItem>
  <vcsHistoryItem>
   <id>1245195</id>
   <planKey>ES-BEPL</planKey>
   <buildNumber>12</buildNumber>
   <revisionKey>1acf11e52b9ba7e6fdf2d41e5c9d686867c7c6ff</revisionKey>
   <repositoryId>557058</repositoryId>
   <customXmlData><![CDATA[]]></customXmlData>
  </vcsHistoryItem>
  <vcsHistoryItem>
   <id>1441793</id>
   <planKey>ES-BEPL</planKey>
   <buildNumber>13</buildNumber>
   <revisionKey>baaaca7bde6e117eb103d3178464fb89f4bdf247</revisionKey>
   <repositoryId>557058</repositoryId>
   <customXmlData><![CDATA[]]></customXmlData>
  </vcsHistoryItem>
  <vcsHistoryItem>
   <id>1441794</id>
   <planKey>ES-PLF1</planKey>
   <buildNumber>2</buildNumber>
   <revisionKey>76d429ab6af7830dcd9238ba91bc6455b6b050a8</revisionKey>
   <repositoryId>557060</repositoryId>
   <customXmlData><![CDATA[]]></customXmlData>
  </vcsHistoryItem>
  <vcsHistoryItem>
   <id>1441795</id>
   <planKey>ES-BEPL</planKey>
   <buildNumber>14</buildNumber>
   <revisionKey>baaaca7bde6e117eb103d3178464fb89f4bdf247</revisionKey>
   <repositoryId>557058</repositoryId>
   <customXmlData><![CDATA[]]></customXmlData>
  </vcsHistoryItem>
 </planVcsHistory>
</bamboo>