<?xml version='1.1' encoding='UTF-8' standalone='yes'?>
<bamboo>
 <date>Thu Aug 20 05:38:18 UTC 2020</date>
 <version>7.1.1</version>
 <buildDate>23-Jul-2020</buildDate>
 <build>70117</build>
 <serverID>BM8W-S98H-DZCC-FLK7</serverID>
 <planVcsHistory>
  <vcsHistoryItem>
   <id>950273</id>
   <planKey>ES-BEPL</planKey>
   <buildNumber>1</buildNumber>
   <revisionKey>241a08d11d1a316ecf416a52061c2362527e35c2</revisionKey>
   <repositoryId>557058</repositoryId>
   <customXmlData><![CDATA[]]></customXmlData>
  </vcsHistoryItem>
  <vcsHistoryItem>
   <id>950274</id>
   <planKey>ES-PLF1</planKey>
   <buildNumber>1</buildNumber>
   <revisionKey>916ae1233af29bb667f8e12ba91e88018d1e7a66</revisionKey>
   <repositoryId>557060</repositoryId>
   <customXmlData><![CDATA[]]></customXmlData>
  </vcsHistoryItem>
  <vcsHistoryItem>
   <id>1245185</id>
   <planKey>ES-BEPL</planKey>
   <buildNumber>2</buildNumber>
   <revisionKey>1acf11e52b9ba7e6fdf2d41e5c9d686867c7c6ff</revisionKey>
   <repositoryId>557058</repositoryId>
   <customXmlData><![CDATA[]]></customXmlData>
  </vcsHistoryItem>
  <vcsHistoryItem>
   <id>1245186</id>
   <planKey>ES-BEPL</planKey>
   <buildNumber>3</buildNumber>
   <revisionKey>1acf11e52b9ba7e6fdf2d41e5c9d686867c7c6ff</revisionKey>
   <repositoryId>557058</repositoryId>
   <customXmlData><![CDATA[]]></customXmlData>
  </vcsHistoryItem>
  <vcsHistoryItem>
   <id>1245187</id>
   <planKey>ES-BEPL</planKey>
   <buildNumber>4</buildNumber>
   <revisionKey>1acf11e52b9ba7e6fdf2d41e5c9d686867c7c6ff</revisionKey>
   <repositoryId>557058</repositoryId>
   <customXmlData><![CDATA[]]></customXmlData>
  </vcsHistoryItem>
  <vcsHistoryItem>
   <id>1245188</id>
   <planKey>ES-BEPL</planKey>
   <buildNumber>5</buildNumber>
   <revisionKey>1acf11e52b9ba7e6fdf2d41e5c9d686867c7c6ff</revisionKey>
   <repositoryId>557058</repositoryId>
   <customXmlData><![CDATA[]]></customXmlData>
  </vcsHistoryItem>
  <vcsHistoryItem>
   <id>1245189</id>
   <planKey>ES-BEPL</planKey>
   <buildNumber>6</buildNumber>
   <revisionKey>1acf11e52b9ba7e6fdf2d41e5c9d686867c7c6ff</revisionKey>
   <repositoryId>557058</repositoryId>
   <customXmlData><![CDATA[]]></customXmlData>
  </vcsHistoryItem>
  <vcsHistoryItem>
   <id>1245190</id>
   <planKey>ES-BEPL</planKey>
   <buildNumber>7</buildNumber>
   <revisionKey>1acf11e52b9ba7e6fdf2d41e5c9d686867c7c6ff</revisionKey>
   <repositoryId>557058</repositoryId>
   <customXmlData><![CDATA[]]></customXmlData>
  </vcsHistoryItem>
  <vcsHistoryItem>
   <id>1245191</id>
   <planKey>ES-BEPL</planKey>
   <buildNumber>8</buildNumber>
   <revisionKey>1acf11e52b9ba7e6fdf2d41e5c9d686867c7c6ff</revisionKey>
   <repositoryId>557058</repositoryId>
   <customXmlData><![CDATA[]]></customXmlData>
  </vcsHistoryItem>
  <vcsHistoryItem>
   <id>1245192</id>
   <planKey>ES-BEPL</planKey>
   <buildNumber>9</buildNumber>
   <revisionKey>1acf11e52b9ba7e6fdf2d41e5c9d686867c7c6ff</revisionKey>
   <repositoryId>557058</repositoryId>
   <customXmlData><![CDATA[]]></customXmlData>
  </vcsHistoryItem>
  <vcsHistoryItem>
   <id>1245193</id>
   <planKey>ES-BEPL</planKey>
   <buildNumber>10</buildNumber>
   <revisionKey>1acf11e52b9ba7e6fdf2d41e5c9d686867c7c6ff</revisionKey>
   <repositoryId>557058</repositoryId>
   <customXmlData><![CDATA[]]></customXmlData>
  </vcsHistoryItem>
  <vcsHistoryItem>
   <id>1245194</id>
   <planKey>ES-BEPL</planKey>
   <buildNumber>11</buildNumber>
   <revisionKey>1acf11e52b9ba7e6fdf2d41e5c9d686867c7c6ff</revisionKey>
   <repositoryId>557058</repositoryId>
   <customXmlData><![CDATA[]]></customXmlData>
  </vcsHistoryItem>
  <vcsHistoryItem>
   <id>1245195</id>
   <planKey>ES-BEPL</planKey>
   <buildNumber>12</buildNumber>
   <revisionKey>1acf11e52b9ba7e6fdf2d41e5c9d686867c7c6ff</revisionKey>
   <repositoryId>557058</repositoryId>
   <customXmlData><![CDATA[]]></customXmlData>
  </vcsHistoryItem>
 </planVcsHistory>
</bamboo>