<?xml version='1.1' encoding='UTF-8' standalone='yes'?>
<bamboo>
 <date>Thu Aug 20 13:48:34 UTC 2020</date>
 <version>7.1.1</version>
 <buildDate>23-Jul-2020</buildDate>
 <build>70117</build>
 <serverID>BM8W-S98H-DZCC-FLK7</serverID>
 <planVcsHistory>
  <vcsHistoryItem>
   <id>1441794</id>
   <planKey>ES-PLF1</planKey>
   <buildNumber>2</buildNumber>
   <revisionKey>76d429ab6af7830dcd9238ba91bc6455b6b050a8</revisionKey>
   <repositoryId>557060</repositoryId>
   <customXmlData><![CDATA[]]></customXmlData>
  </vcsHistoryItem>
  <vcsHistoryItem>
   <id>1441795</id>
   <planKey>ES-BEPL</planKey>
   <buildNumber>14</buildNumber>
   <revisionKey>baaaca7bde6e117eb103d3178464fb89f4bdf247</revisionKey>
   <repositoryId>557058</repositoryId>
   <customXmlData><![CDATA[]]></customXmlData>
  </vcsHistoryItem>
  <vcsHistoryItem>
   <id>1671169</id>
   <planKey>ES-PLF1</planKey>
   <buildNumber>3</buildNumber>
   <revisionKey>f4b3f3709515e967d62ba7945c3a47d02b0e49a3</revisionKey>
   <repositoryId>557060</repositoryId>
   <customXmlData><![CDATA[]]></customXmlData>
  </vcsHistoryItem>
  <vcsHistoryItem>
   <id>1671170</id>
   <planKey>ES-BEPL</planKey>
   <buildNumber>15</buildNumber>
   <revisionKey>8bb88e6db86e6266b7e3df929b65e6635e46ccf1</revisionKey>
   <repositoryId>557058</repositoryId>
   <customXmlData><![CDATA[]]></customXmlData>
  </vcsHistoryItem>
  <vcsHistoryItem>
   <id>1671171</id>
   <planKey>ES-BEPL</planKey>
   <buildNumber>16</buildNumber>
   <revisionKey>8bb88e6db86e6266b7e3df929b65e6635e46ccf1</revisionKey>
   <repositoryId>557058</repositoryId>
   <customXmlData><![CDATA[]]></customXmlData>
  </vcsHistoryItem>
  <vcsHistoryItem>
   <id>1671172</id>
   <planKey>ES-BEPL</planKey>
   <buildNumber>17</buildNumber>
   <revisionKey>8bb88e6db86e6266b7e3df929b65e6635e46ccf1</revisionKey>
   <repositoryId>557058</repositoryId>
   <customXmlData><![CDATA[]]></customXmlData>
  </vcsHistoryItem>
 </planVcsHistory>
</bamboo>