<?xml version='1.1' encoding='UTF-8' standalone='yes'?>
<bamboo>
 <date>Thu Aug 20 11:10:53 UTC 2020</date>
 <version>7.1.1</version>
 <buildDate>23-Jul-2020</buildDate>
 <build>70117</build>
 <serverID>BM8W-S98H-DZCC-FLK7</serverID>
 <propertyEntries>
  <propertyEntry>
   <entityName>CWD_misha</entityName>
   <entityId>0</entityId>
   <entityKey>feature.discovery.last.product.version</entityKey>
   <keyType>5</keyType>
   <doubleValue>0.0</doubleValue>
   <stringValue><![CDATA[7.1]]></stringValue>
   <textValue><![CDATA[]]></textValue>
   <longValue>0</longValue>
   <intValue>0</intValue>
   <booleanValue>false</booleanValue>
  </propertyEntry>
  <propertyEntry>
   <entityName>CWD_misha</entityName>
   <entityId>0</entityId>
   <entityKey>bamboo.user.actions.addJob</entityKey>
   <keyType>5</keyType>
   <doubleValue>0.0</doubleValue>
   <stringValue><![CDATA[true]]></stringValue>
   <textValue><![CDATA[]]></textValue>
   <longValue>0</longValue>
   <intValue>0</intValue>
   <booleanValue>false</booleanValue>
  </propertyEntry>
 </propertyEntries>
</bamboo>