<?xml version='1.1' encoding='UTF-8' standalone='yes'?>
<bamboo>
 <date>Thu Aug 20 13:48:34 UTC 2020</date>
 <version>7.1.1</version>
 <buildDate>23-Jul-2020</buildDate>
 <build>70117</build>
 <serverID>BM8W-S98H-DZCC-FLK7</serverID>
 <repositories>
  <repository>
   <id>557057</id>
   <oid>6530782409640640513</oid>
   <name>eschool-back</name>
   <pluginKey>com.atlassian.bamboo.plugins.atlassian-bamboo-plugin-git:gh2</pluginKey>
   <isGlobal>true</isGlobal>
   <xml><![CDATA[<repository><serverConfiguration><entry><string>repository.github.repository</string><string>avvppro/eSchool</string></entry><entry><string>repository.github.password</string><string>BAMSCRT@0@0@88DLAMAiw+t//CyKQra4ew==</string></entry><entry><string>repository.github.fetch.whole.repository</string><string>false</string></entry><entry><string>repository.github.baseUrl</string><string>https://github.com/</string></entry><entry><string>repository.github.useRemoteAgentCache</string><string>true</string></entry><entry><string>repository.github.commandTimeout</string><string>180</string></entry><entry><string>repository.github.verbose.logs</string><string>false</string></entry><entry><string>repository.github.lfs</string><string>false</string></entry><entry><string>repository.github.useSubmodules</string><string>false</string></entry><entry><string>repository.github.useShallowClones</string><string>false</string></entry><entry><string>repository.github.username</string><string>avvppro</string></entry></serverConfiguration><changeDetectionConfiguration class="com.atlassian.bamboo.collections.message.FinalHashMap"><entry><string>filter.pattern.regex</string><string></string></entry><entry><string>changeset.filter.pattern.regex</string><string></string></entry><entry><string>repository.common.quietPeriod.enabled</string><string>false</string></entry><entry><string>filter.pattern.option</string><string>none</string></entry></changeDetectionConfiguration><branchConfiguration class="com.atlassian.bamboo.collections.message.FinalHashMap"><entry><string>repository.github.branch</string><string>master</string></entry></branchConfiguration><bambooSpecsDetectionConfiguration class="com.atlassian.bamboo.collections.message.FinalHashMap"><entry><string>bamboo.specs.enabled</string><string>false</string></entry></bambooSpecsDetectionConfiguration><vcsBranch class="com.atlassian.bamboo.plan.branch.VcsBranchImpl"><name>master</name></vcsBranch><viewerPluginKey>com.atlassian.bamboo.plugins.atlassian-bamboo-plugin-git:githubViewer</viewerPluginKey><viewerConfiguration class="com.atlassian.bamboo.collections.message.FinalHashMap"/></repository>]]></xml>
  </repository>
  <repository>
   <id>557058</id>
   <oid>6530782409640640514</oid>
   <name>eschool-back</name>
   <pluginKey>com.atlassian.bamboo.plugins.atlassian-bamboo-plugin-git:gh2</pluginKey>
   <isGlobal>false</isGlobal>
   <xml><![CDATA[<repository/>]]></xml>
   <parent>557057</parent>
  </repository>
  <repository>
   <id>557059</id>
   <oid>6530782409640640515</oid>
   <name>eschool-front</name>
   <pluginKey>com.atlassian.bamboo.plugins.atlassian-bamboo-plugin-git:gh2</pluginKey>
   <isGlobal>true</isGlobal>
   <xml><![CDATA[<repository><serverConfiguration><entry><string>repository.github.repository</string><string>avvppro/final_project</string></entry><entry><string>repository.github.password</string><string>BAMSCRT@0@0@88DLAMAiw+t//CyKQra4ew==</string></entry><entry><string>repository.github.fetch.whole.repository</string><string>false</string></entry><entry><string>repository.github.baseUrl</string><string>https://github.com/</string></entry><entry><string>repository.github.useRemoteAgentCache</string><string>true</string></entry><entry><string>repository.github.commandTimeout</string><string>180</string></entry><entry><string>repository.github.verbose.logs</string><string>false</string></entry><entry><string>repository.github.lfs</string><string>false</string></entry><entry><string>repository.github.useSubmodules</string><string>false</string></entry><entry><string>repository.github.useShallowClones</string><string>false</string></entry><entry><string>repository.github.username</string><string>avvppro</string></entry></serverConfiguration><changeDetectionConfiguration class="com.atlassian.bamboo.collections.message.FinalHashMap"><entry><string>filter.pattern.regex</string><string></string></entry><entry><string>changeset.filter.pattern.regex</string><string></string></entry><entry><string>repository.common.quietPeriod.enabled</string><string>false</string></entry><entry><string>filter.pattern.option</string><string>none</string></entry></changeDetectionConfiguration><branchConfiguration class="com.atlassian.bamboo.collections.message.FinalHashMap"><entry><string>repository.github.branch</string><string>master</string></entry></branchConfiguration><bambooSpecsDetectionConfiguration class="com.atlassian.bamboo.collections.message.FinalHashMap"><entry><string>bamboo.specs.enabled</string><string>false</string></entry></bambooSpecsDetectionConfiguration><vcsBranch class="com.atlassian.bamboo.plan.branch.VcsBranchImpl"><name>master</name></vcsBranch><viewerPluginKey>com.atlassian.bamboo.plugins.atlassian-bamboo-plugin-git:githubViewer</viewerPluginKey><viewerConfiguration class="com.atlassian.bamboo.collections.message.FinalHashMap"/></repository>]]></xml>
  </repository>
  <repository>
   <id>557060</id>
   <oid>6530782409640640516</oid>
   <name>eschool-front</name>
   <pluginKey>com.atlassian.bamboo.plugins.atlassian-bamboo-plugin-git:gh2</pluginKey>
   <isGlobal>false</isGlobal>
   <xml><![CDATA[<repository/>]]></xml>
   <parent>557059</parent>
  </repository>
 </repositories>
</bamboo>