<?xml version='1.1' encoding='UTF-8' standalone='yes'?>
<bamboo>
 <date>Thu Aug 20 05:38:18 UTC 2020</date>
 <version>7.1.1</version>
 <buildDate>23-Jul-2020</buildDate>
 <build>70117</build>
 <serverID>BM8W-S98H-DZCC-FLK7</serverID>
 <sharedCapabilities>
  <local>
   <capability key="system.builder.mvn3.mvn" value="/opt/maven" source="1"/>
   <capability key="system.git.executable" value="/usr/bin/git" source="4"/>
   <capability key="system.jdk.JDK" value="/usr/lib/jvm/java-1.8.0-openjdk-1.8.0.252.b09-2.amzn2.0.1.x86_64" source="4"/>
   <capability key="system.jdk.JDK 1.8.0_252" value="/usr/lib/jvm/java-1.8.0-openjdk-1.8.0.252.b09-2.amzn2.0.1.x86_64" source="4"/>
   <capability key="system.jdk.JDK 1.8" value="/usr/lib/jvm/java-1.8.0-openjdk-1.8.0.252.b09-2.amzn2.0.1.x86_64" source="4"/>
   <capability key="system.builder.node.Node.js" value="/usr/bin/node" source="4"/>
  </local>
  <remote/>
 </sharedCapabilities>
</bamboo>