<?xml version='1.1' encoding='UTF-8' standalone='yes'?>
<bamboo>
 <date>Thu Aug 20 13:48:34 UTC 2020</date>
 <version>7.1.1</version>
 <buildDate>23-Jul-2020</buildDate>
 <build>70117</build>
 <serverID>BM8W-S98H-DZCC-FLK7</serverID>
 <webhookTemplates>
  <webhookTemplate>
   <id>425985</id>
   <headers>content-type:application/json</headers>
   <payload>{
  "uuid": "${bamboo.webhook.uuid}",
  "timestamp": "${bamboo.webhook.timestamp}",
  "notification": "${bamboo.webhook.notification.description}",
  "webhook": {
    "webhookTemplatedId": "${bamboo.webhook.template.id}",
    "webhookTemplatedName": "${bamboo.webhook.template.name}"
  },
  "build": {
    "buildResultKey": "${bamboo.buildResultKey}",
    "status": "${bamboo.buildState}",
    "buildPlanName": "${bamboo.buildPlanName}",
    "startedAt": "${bamboo.date.started}",
    "finishedAt": "${bamboo.date.finished}",
    "triggerReason": "${bamboo.trigger.reason}",
    "triggerSentence": "${bamboo.trigger.name.for.sentence}"
  }
}</payload>
   <name>Build webhook</name>
   <httpMethod>POST</httpMethod>
   <uuid>5895d784-6e6a-4d62-b6c3-4b22415f9a74</uuid>
  </webhookTemplate>
  <webhookTemplate>
   <id>425986</id>
   <headers>content-type:application/json</headers>
   <payload>{
  "uuid" : "${bamboo.webhook.uuid}",
  "timestamp" : "${bamboo.webhook.timestamp}",
  "notification" : "${bamboo.webhook.notification.description}",
  "webhook" : {
    "webhookTemplatedId" : "${bamboo.webhook.template.id}",
    "webhookTemplatedName" : "${bamboo.webhook.template.name}"
  },
  "deployment" : {
    "deploymentResultId" : "${bamboo.deploy.result.id}",
    "status" : "${bamboo.buildState}",
    "deploymentProjectId" : "${bamboo.deploy.project.id}",
    "environmentId" : "${bamboo.deploy.environment.id}",
    "environmentName": "${bamboo.deploy.environment.name}",
    "deploymentVersionId" : "${bamboo.deploy.version.id}",
    "deploymentVersionName" : "${bamboo.deploy.version.name}",

    "startedAt" : "${bamboo.date.started}",
    "finishedAt" : "${bamboo.date.finished}",
    "agentId" : "${bamboo.agentId}",

    "triggerReason" : "${bamboo.trigger.reason}",
    "triggerSentence" : "${bamboo.trigger.name.for.sentence}"
  }
}</payload>
   <name>Deploy webhook</name>
   <httpMethod>POST</httpMethod>
   <uuid>5785e091-91f3-4984-a08c-f4bebbbf2ec9</uuid>
  </webhookTemplate>
 </webhookTemplates>
</bamboo>